5go2j744tv8q6nngcyi@otaku-idol-ryotaro111.com,pp1-sds9aappcc,200,1
59zmhbkta5tao6dtyws@otaku-idol-ryotaro111.com,pp1-sds9aappcc,200,1
3c3r8rso5addo3h5lxz@otaku-idol-ryotaro111.com,pp1-sds9aappcc,200,1
6fkuk7y0wu3wvxv9xoc@otaku-idol-ryotaro111.com,pp1-sds9aappcc,200,1
8bpiq9ccb0bcx9xe9og@otaku-idol-ryotaro111.com,pp1-sds9aappcc,200,1
592den8k72naadfuxe2@otaku-idol-ryotaro111.com,pp1-sds9aappcc,200,1
33ircatmukrm0yu39y7@otaku-idol-ryotaro111.com,pp1-sds9aappcc,200,1
ctynkvshyn0c9ks8c5v@otaku-idol-ryotaro111.com,pp1-sds9aappcc,200,1
a0lnur4kctj6v6zkolt@otaku-idol-ryotaro111.com,pp1-sds9aappcc,200,1
1xn32btj5mkhommp9ta@otaku-idol-ryotaro111.com,pp1-sds9aappcc,200,1
48km5dzr2hhxa3r7ihs@otaku-idol-ryotaro111.com,pp1-sds9aappcc,200,1
8mbga8vixkmb2fvop3c@otaku-idol-ryotaro111.com,pp1-sds9aappcc,200,1
c3xkqo76zawa7cy1dla@otaku-idol-ryotaro111.com,pp1-sds9aappcc,200,1
8h5rkhgp7qmiqdz2ghu@otaku-idol-ryotaro111.com,pp1-sds9aappcc,200,1
3hly7uct2b98vtvautc@otaku-idol-ryotaro111.com,pp1-sds9aappcc,200,1
5pf22k3t0t2wjyuqg6z@otaku-idol-ryotaro111.com,pp1-sds9aappcc,200,1
7xwqyan85j9boeyhecm@otaku-idol-ryotaro111.com,pp1-sds9aappcc,200,1
14khoyzn6u0p5wzx94u@otaku-idol-ryotaro111.com,pp1-sds9aappcc,200,1
8i1ujaz93n8d10pyedo@otaku-idol-ryotaro111.com,pp1-sds9aappcc,200,1
533vmb51yab6c5ok4xf@otaku-idol-ryotaro111.com,pp1-sds9aappcc,200,1
52kdrnw9jtmuaix3vok@otaku-idol-ryotaro111.com,pp1-sds9aappcc,200,1
2zck7d1zmyga59kgp6r@otaku-idol-ryotaro111.com,pp1-sds9aappcc,200,1
0fzk84vfyn55nxdks6b@otaku-idol-ryotaro111.com,pp1-sds9aappcc,200,1
0wxd2y4rx6si6fl7oxs@otaku-idol-ryotaro111.com,pp1-sds9aappcc,200,1
3k1grlqj1o3symumwhq@otaku-idol-ryotaro111.com,pp1-sds9aappcc,200,1
c9fwggbznlsktnxsh1j@otaku-idol-ryotaro111.com,pp1-sds9aappcc,200,1
575x6y37nq6gakzmjse@otaku-idol-ryotaro111.com,pp1-sds9aappcc,200,1
44ib9h5hkoi5nowqi73@otaku-idol-ryotaro111.com,pp1-sds9aappcc,200,1
2fbt3gv8995bfhq5e0v@otaku-idol-ryotaro111.com,pp1-sds9aappcc,200,1
0xbgf75gcdap3zuoqjg@otaku-idol-ryotaro111.com,pp1-sds9aappcc,200,1
0d5wi2bw5jmgd6xos2x@otaku-idol-ryotaro111.com,pp1-sds9aappcc,200,1
aqd3kcse9ktf0vxjoac@otaku-idol-ryotaro111.com,pp1-sds9aappcc,200,1
5qblrgun09kw9oinh93@otaku-idol-ryotaro111.com,pp1-sds9aappcc,200,1
c9l3xoqkhttqnnw3tz8@otaku-idol-ryotaro111.com,pp1-sds9aappcc,200,1
1eg00cnmg7csz5joyzz@otaku-idol-ryotaro111.com,pp1-sds9aappcc,200,1
3n95yisbcvvkv6evtek@otaku-idol-ryotaro111.com,pp1-sds9aappcc,200,1
0o1a1btcp4dl5fw9zz0@otaku-idol-ryotaro111.com,pp1-sds9aappcc,200,1
5kgemhcs7oha9qp4ohl@otaku-idol-ryotaro111.com,pp1-sds9aappcc,200,1
02xxatko2e1x9mqvmht@otaku-idol-ryotaro111.com,pp1-sds9aappcc,200,1
8f7hjdk3wemawiyzqe9@otaku-idol-ryotaro111.com,pp1-sds9aappcc,200,1
mkbbptumu0umo9w57l3@otaku-idol-ryotaro111.com,pp1-sds9aappcc,200,1
nzam0pyfqlveefxzcqy@otaku-idol-ryotaro111.com,pp1-sds9aappcc,200,1
6kf8w6qybcu3dxvuhsh@otaku-idol-ryotaro111.com,pp1-sds9aappcc,200,1
1uq058v4u5s6k4vk5as@otaku-idol-ryotaro111.com,pp1-sds9aappcc,200,1
3oiu0nsarhq0hmxnkli@otaku-idol-ryotaro111.com,pp1-sds9aappcc,200,1
6hnja6nvyb9sqp3m55z@otaku-idol-ryotaro111.com,pp1-sds9aappcc,200,1
82h5bk7q9koz540xhof@otaku-idol-ryotaro111.com,pp1-sds9aappcc,200,1
4f1ek77jtbgr36xa1xz@otaku-idol-ryotaro111.com,pp1-sds9aappcc,200,1
9r4qjh8e2kfgmwqyhp8@otaku-idol-ryotaro111.com,pp1-sds9aappcc,200,1
cc1kqczepneqwojunbw@otaku-idol-ryotaro111.com,pp1-sds9aappcc,200,1
5qr5yd26s2py5kwyku3@otaku-idol-ryotaro111.com,pp1-sds9aappcc,200,1
g0aotgeh1o1bigwoc5p@otaku-idol-ryotaro111.com,pp1-sds9aappcc,200,1
dnikkuml3u9drox5ucv@otaku-idol-ryotaro111.com,pp1-sds9aappcc,200,1
7muafa926n05u7rb22p@otaku-idol-ryotaro111.com,pp1-sds9aappcc,200,1
b2ho6h15qmjg7kq39le@otaku-idol-ryotaro111.com,pp1-sds9aappcc,200,1
3a4ek3q2dg8u17h8teo@otaku-idol-ryotaro111.com,pp1-sds9aappcc,200,1
0g6rm2zpv9329chj19c@otaku-idol-ryotaro111.com,pp1-sds9aappcc,200,1
bt395gwz72k0qwjw6w9@otaku-idol-ryotaro111.com,pp1-sds9aappcc,200,1
5fru8a4deakkvgwkd20@otaku-idol-ryotaro111.com,pp1-sds9aappcc,200,1
48u277cjsjr2i5od25z@otaku-idol-ryotaro111.com,pp1-sds9aappcc,200,1
b6ixggh7fp968lzkj3h@otaku-idol-ryotaro111.com,pp1-sds9aappcc,200,1
hswhynpgfdo6yht10lw@otaku-idol-ryotaro111.com,pp1-sds9aappcc,200,1
054qc5dy4f6cuxvurvc@otaku-idol-ryotaro111.com,pp1-sds9aappcc,200,1
7izid7sgppk9gvrvmtm@otaku-idol-ryotaro111.com,pp1-sds9aappcc,200,1
1gjfwsuu86vg5kayyy9@otaku-idol-ryotaro111.com,pp1-sds9aappcc,200,1
dthacfh3ggogxymk58h@otaku-idol-ryotaro111.com,pp1-sds9aappcc,200,1
c4uu3g0yanoj7bypmt5@otaku-idol-ryotaro111.com,pp1-sds9aappcc,200,1
3zgpkmrjxbr6en2x6ot@otaku-idol-ryotaro111.com,pp1-sds9aappcc,200,1
kaktm5hpinn5e2wwkct@otaku-idol-ryotaro111.com,pp1-sds9aappcc,200,1
jdw9t1qibt9t2zv8jj2@otaku-idol-ryotaro111.com,pp1-sds9aappcc,200,1
9xo4adz4hp6308vok9v@otaku-idol-ryotaro111.com,pp1-sds9aappcc,200,1
bcxbfzffln5xsyucoki@otaku-idol-ryotaro111.com,pp1-sds9aappcc,200,1
8sjzajpuyq7fbftmo3m@otaku-idol-ryotaro111.com,pp1-sds9aappcc,200,1
ol643vfde5vome9wuus@otaku-idol-ryotaro111.com,pp1-sds9aappcc,200,1
gwseuhsprj34t7ysyav@otaku-idol-ryotaro111.com,pp1-sds9aappcc,200,1
lausq1ypsu4vacwn5wk@otaku-idol-ryotaro111.com,pp1-sds9aappcc,200,1
2it5kemeblxooevqeli@otaku-idol-ryotaro111.com,pp1-sds9aappcc,200,1
2wxssd0rx2p8hlqa4iq@otaku-idol-ryotaro111.com,pp1-sds9aappcc,200,1
e6ysnow8jtf6qmtjrk7@otaku-idol-ryotaro111.com,pp1-sds9aappcc,200,1
9xhfncm69ehodznjkxi@otaku-idol-ryotaro111.com,pp1-sds9aappcc,200,1
6eeh7iuapgxfo0jjf1a@otaku-idol-ryotaro111.com,pp1-sds9aappcc,200,1
1sbupgm94rs3qp7yuw2@otaku-idol-ryotaro111.com,pp1-sds9aappcc,200,1
9j15xmi6nwt77hdzk2q@otaku-idol-ryotaro111.com,pp1-sds9aappcc,200,1
5s1ucf316jj8hyuivou@otaku-idol-ryotaro111.com,pp1-sds9aappcc,200,1
1689wag1qkvbbbsazzf@otaku-idol-ryotaro111.com,pp1-sds9aappcc,200,1
au506koywfryetz63in@otaku-idol-ryotaro111.com,pp1-sds9aappcc,200,1
crrczf2ahs8p44yqed7@otaku-idol-ryotaro111.com,pp1-sds9aappcc,200,1
1bsew2bvuktuf2zkefl@otaku-idol-ryotaro111.com,pp1-sds9aappcc,200,1
3lsm1rhv0lvwsxzmzbn@otaku-idol-ryotaro111.com,pp1-sds9aappcc,200,1
20nf04gsrqcswfwuagt@otaku-idol-ryotaro111.com,pp1-sds9aappcc,200,1
7oyefpsw0kuj66tvt3f@otaku-idol-ryotaro111.com,pp1-sds9aappcc,200,1
dud0pelifkz2yjogpzn@otaku-idol-ryotaro111.com,pp1-sds9aappcc,200,1
0p1df8pwvybb3cjldh0@otaku-idol-ryotaro111.com,pp1-sds9aappcc,200,1
1iz1maudkqp7gats0us@otaku-idol-ryotaro111.com,pp1-sds9aappcc,200,1
57z1f5yokauchde87ho@otaku-idol-ryotaro111.com,pp1-sds9aappcc,200,1
7vl0hdchsi7yomn1vv9@otaku-idol-ryotaro111.com,pp1-sds9aappcc,200,1
8512xk1lyvx2soz1wgs@otaku-idol-ryotaro111.com,pp1-sds9aappcc,200,1
7otkxpd1nwss1my6e7d@otaku-idol-ryotaro111.com,pp1-sds9aappcc,200,1
cljohcyiikhnyus8kwu@otaku-idol-ryotaro111.com,pp1-sds9aappcc,200,1
1ns3p51pfm71k0x6683@otaku-idol-ryotaro111.com,pp1-sds9aappcc,200,1
