5go2j744tv8q6nngcyi,pp1-sds9aappcc,200,1
59zmhbkta5tao6dtyws,pp1-sds9aappcc,200,1
3c3r8rso5addo3h5lxz,pp1-sds9aappcc,200,1
6fkuk7y0wu3wvxv9xoc,pp1-sds9aappcc,200,1
8bpiq9ccb0bcx9xe9og,pp1-sds9aappcc,200,1
592den8k72naadfuxe2,pp1-sds9aappcc,200,1
33ircatmukrm0yu39y7,pp1-sds9aappcc,200,1
ctynkvshyn0c9ks8c5v,pp1-sds9aappcc,200,1
a0lnur4kctj6v6zkolt,pp1-sds9aappcc,200,1
1xn32btj5mkhommp9ta,pp1-sds9aappcc,200,1
48km5dzr2hhxa3r7ihs,pp1-sds9aappcc,200,1
8mbga8vixkmb2fvop3c,pp1-sds9aappcc,200,1
c3xkqo76zawa7cy1dla,pp1-sds9aappcc,200,1
8h5rkhgp7qmiqdz2ghu,pp1-sds9aappcc,200,1
3hly7uct2b98vtvautc,pp1-sds9aappcc,200,1
5pf22k3t0t2wjyuqg6z,pp1-sds9aappcc,200,1
7xwqyan85j9boeyhecm,pp1-sds9aappcc,200,1
14khoyzn6u0p5wzx94u,pp1-sds9aappcc,200,1
8i1ujaz93n8d10pyedo,pp1-sds9aappcc,200,1
533vmb51yab6c5ok4xf,pp1-sds9aappcc,200,1
52kdrnw9jtmuaix3vok,pp1-sds9aappcc,200,1
2zck7d1zmyga59kgp6r,pp1-sds9aappcc,200,1
0fzk84vfyn55nxdks6b,pp1-sds9aappcc,200,1
0wxd2y4rx6si6fl7oxs,pp1-sds9aappcc,200,1
3k1grlqj1o3symumwhq,pp1-sds9aappcc,200,1
c9fwggbznlsktnxsh1j,pp1-sds9aappcc,200,1
575x6y37nq6gakzmjse,pp1-sds9aappcc,200,1
44ib9h5hkoi5nowqi73,pp1-sds9aappcc,200,1
2fbt3gv8995bfhq5e0v,pp1-sds9aappcc,200,1
0xbgf75gcdap3zuoqjg,pp1-sds9aappcc,200,1
0d5wi2bw5jmgd6xos2x,pp1-sds9aappcc,200,1
aqd3kcse9ktf0vxjoac,pp1-sds9aappcc,200,1
5qblrgun09kw9oinh93,pp1-sds9aappcc,200,1
c9l3xoqkhttqnnw3tz8,pp1-sds9aappcc,200,1
1eg00cnmg7csz5joyzz,pp1-sds9aappcc,200,1
3n95yisbcvvkv6evtek,pp1-sds9aappcc,200,1
0o1a1btcp4dl5fw9zz0,pp1-sds9aappcc,200,1
5kgemhcs7oha9qp4ohl,pp1-sds9aappcc,200,1
02xxatko2e1x9mqvmht,pp1-sds9aappcc,200,1
8f7hjdk3wemawiyzqe9,pp1-sds9aappcc,200,1
mkbbptumu0umo9w57l3,pp1-sds9aappcc,200,1
nzam0pyfqlveefxzcqy,pp1-sds9aappcc,200,1
6kf8w6qybcu3dxvuhsh,pp1-sds9aappcc,200,1
1uq058v4u5s6k4vk5as,pp1-sds9aappcc,200,1
3oiu0nsarhq0hmxnkli,pp1-sds9aappcc,200,1
6hnja6nvyb9sqp3m55z,pp1-sds9aappcc,200,1
82h5bk7q9koz540xhof,pp1-sds9aappcc,200,1
4f1ek77jtbgr36xa1xz,pp1-sds9aappcc,200,1
9r4qjh8e2kfgmwqyhp8,pp1-sds9aappcc,200,1
cc1kqczepneqwojunbw,pp1-sds9aappcc,200,1
5qr5yd26s2py5kwyku3,pp1-sds9aappcc,200,1
g0aotgeh1o1bigwoc5p,pp1-sds9aappcc,200,1
dnikkuml3u9drox5ucv,pp1-sds9aappcc,200,1
7muafa926n05u7rb22p,pp1-sds9aappcc,200,1
b2ho6h15qmjg7kq39le,pp1-sds9aappcc,200,1
3a4ek3q2dg8u17h8teo,pp1-sds9aappcc,200,1
0g6rm2zpv9329chj19c,pp1-sds9aappcc,200,1
bt395gwz72k0qwjw6w9,pp1-sds9aappcc,200,1
5fru8a4deakkvgwkd20,pp1-sds9aappcc,200,1
48u277cjsjr2i5od25z,pp1-sds9aappcc,200,1
b6ixggh7fp968lzkj3h,pp1-sds9aappcc,200,1
hswhynpgfdo6yht10lw,pp1-sds9aappcc,200,1
054qc5dy4f6cuxvurvc,pp1-sds9aappcc,200,1
7izid7sgppk9gvrvmtm,pp1-sds9aappcc,200,1
1gjfwsuu86vg5kayyy9,pp1-sds9aappcc,200,1
dthacfh3ggogxymk58h,pp1-sds9aappcc,200,1
c4uu3g0yanoj7bypmt5,pp1-sds9aappcc,200,1
3zgpkmrjxbr6en2x6ot,pp1-sds9aappcc,200,1
kaktm5hpinn5e2wwkct,pp1-sds9aappcc,200,1
jdw9t1qibt9t2zv8jj2,pp1-sds9aappcc,200,1
9xo4adz4hp6308vok9v,pp1-sds9aappcc,200,1
bcxbfzffln5xsyucoki,pp1-sds9aappcc,200,1
8sjzajpuyq7fbftmo3m,pp1-sds9aappcc,200,1
ol643vfde5vome9wuus,pp1-sds9aappcc,200,1
gwseuhsprj34t7ysyav,pp1-sds9aappcc,200,1
lausq1ypsu4vacwn5wk,pp1-sds9aappcc,200,1
2it5kemeblxooevqeli,pp1-sds9aappcc,200,1
2wxssd0rx2p8hlqa4iq,pp1-sds9aappcc,200,1
e6ysnow8jtf6qmtjrk7,pp1-sds9aappcc,200,1
9xhfncm69ehodznjkxi,pp1-sds9aappcc,200,1
6eeh7iuapgxfo0jjf1a,pp1-sds9aappcc,200,1
1sbupgm94rs3qp7yuw2,pp1-sds9aappcc,200,1
9j15xmi6nwt77hdzk2q,pp1-sds9aappcc,200,1
5s1ucf316jj8hyuivou,pp1-sds9aappcc,200,1
1689wag1qkvbbbsazzf,pp1-sds9aappcc,200,1
au506koywfryetz63in,pp1-sds9aappcc,200,1
crrczf2ahs8p44yqed7,pp1-sds9aappcc,200,1
1bsew2bvuktuf2zkefl,pp1-sds9aappcc,200,1
3lsm1rhv0lvwsxzmzbn,pp1-sds9aappcc,200,1
20nf04gsrqcswfwuagt,pp1-sds9aappcc,200,1
7oyefpsw0kuj66tvt3f,pp1-sds9aappcc,200,1
dud0pelifkz2yjogpzn,pp1-sds9aappcc,200,1
0p1df8pwvybb3cjldh0,pp1-sds9aappcc,200,1
1iz1maudkqp7gats0us,pp1-sds9aappcc,200,1
57z1f5yokauchde87ho,pp1-sds9aappcc,200,1
7vl0hdchsi7yomn1vv9,pp1-sds9aappcc,200,1
8512xk1lyvx2soz1wgs,pp1-sds9aappcc,200,1
7otkxpd1nwss1my6e7d,pp1-sds9aappcc,200,1
cljohcyiikhnyus8kwu,pp1-sds9aappcc,200,1
1ns3p51pfm71k0x6683,pp1-sds9aappcc,200,1
